year,month,date,indicator
1889,1,Jan 1889,100.3302296
1889,2,Feb 1889,99.67178068
1889,3,Mar 1889,99.6790887
1889,4,Apr 1889,99.87879759
1889,5,May 1889,99.38280788
1889,6,Jun 1889,99.16465246
1889,7,Jul 1889,99.0115878
1889,8,Aug 1889,99.29818414
1889,9,Sep 1889,99.19363523
1889,10,Oct 1889,99.92354708
1889,11,Nov 1889,99.4711544
1889,12,Dec 1889,99.80993671
1890,1,Jan 1890,99.81665148
1890,2,Feb 1890,99.67392979
1890,3,Mar 1890,99.77874177
1890,4,Apr 1890,99.57327331
1890,5,May 1890,99.47797138
1890,6,Jun 1890,99.05678676
1890,7,Jul 1890,99.9655511
1890,8,Aug 1890,99.37417377
1890,9,Sep 1890,99.60432517
1890,10,Oct 1890,99.76854297
1890,11,Nov 1890,99.75137527
1890,12,Dec 1890,100.1604365
1891,1,Jan 1891,99.36052819
1891,2,Feb 1891,99.55476824
1891,3,Mar 1891,99.37301158
1891,4,Apr 1891,99.63467784
1891,5,May 1891,99.05236779
1891,6,Jun 1891,98.92586384
1891,7,Jul 1891,99.62332578
1891,8,Aug 1891,98.65250779
1891,9,Sep 1891,99.02093994
1891,10,Oct 1891,99.15891668
1891,11,Nov 1891,99.4527662
1891,12,Dec 1891,99.77589184
1892,1,Jan 1892,99.62439126
1892,2,Feb 1892,99.45393943
1892,3,Mar 1892,99.5059262
1892,4,Apr 1892,98.85227955
1892,5,May 1892,99.40228619
1892,6,Jun 1892,99.30600378
1892,7,Jul 1892,98.97904614
1892,8,Aug 1892,98.89957189
1892,9,Sep 1892,99.14241471
1892,10,Oct 1892,99.47034125
1892,11,Nov 1892,99.00237237
1892,12,Dec 1892,99.26099492
1893,1,Jan 1893,99.07797935
1893,2,Feb 1893,99.32360647
1893,3,Mar 1893,99.84432692
1893,4,Apr 1893,98.67200412
1893,5,May 1893,98.83819176
1893,6,Jun 1893,98.99411281
1893,7,Jul 1893,99.22649356
1893,8,Aug 1893,99.60388198
1893,9,Sep 1893,99.06663364
1893,10,Oct 1893,99.43314257
1893,11,Nov 1893,99.81287956
1893,12,Dec 1893,99.3914167
1894,1,Jan 1894,100.2632963
1894,2,Feb 1894,99.71196637
1894,3,Mar 1894,98.96699492
1894,4,Apr 1894,99.04218122
1894,5,May 1894,98.81906507
1894,6,Jun 1894,99.32712657
1894,7,Jul 1894,98.98289507
1894,8,Aug 1894,99.28441966
1894,9,Sep 1894,99.04019538
1894,10,Oct 1894,98.98844839
1894,11,Nov 1894,99.24368604
1894,12,Dec 1894,98.85460012
1895,1,Jan 1895,99.17584764
1895,2,Feb 1895,99.20368895
1895,3,Mar 1895,98.50670347
1895,4,Apr 1895,98.91187766
1895,5,May 1895,98.85214225
1895,6,Jun 1895,99.13940324
1895,7,Jul 1895,98.50145795
1895,8,Aug 1895,98.41991702
1895,9,Sep 1895,98.84287549
1895,10,Oct 1895,98.61439038
1895,11,Nov 1895,98.51991208
1895,12,Dec 1895,98.93231597
1896,1,Jan 1896,98.76422532
1896,2,Feb 1896,98.2485834
1896,3,Mar 1896,99.02458922
1896,4,Apr 1896,98.14103161
1896,5,May 1896,98.52569658
1896,6,Jun 1896,98.52426956
1896,7,Jul 1896,98.54292485
1896,8,Aug 1896,98.56479747
1896,9,Sep 1896,98.54355682
1896,10,Oct 1896,98.57961051
1896,11,Nov 1896,98.94092843
1896,12,Dec 1896,98.48410458
1897,1,Jan 1897,98.14922676
1897,2,Feb 1897,98.32323856
1897,3,Mar 1897,98.90019485
1897,4,Apr 1897,99.03505844
1897,5,May 1897,98.89316214
1897,6,Jun 1897,98.45517133
1897,7,Jul 1897,98.28096063
1897,8,Aug 1897,98.25096311
1897,9,Sep 1897,98.35282059
1897,10,Oct 1897,98.52305614
1897,11,Nov 1897,98.56747726
1897,12,Dec 1897,98.58476355
1898,1,Jan 1898,98.18569604
1898,2,Feb 1898,98.71445414
1898,3,Mar 1898,98.57575747
1898,4,Apr 1898,98.64236455
1898,5,May 1898,98.66109297
1898,6,Jun 1898,98.85361144
1898,7,Jul 1898,99.22190388
1898,8,Aug 1898,98.65102337
1898,9,Sep 1898,98.47885018
1898,10,Oct 1898,98.73961712
1898,11,Nov 1898,98.77108881
1898,12,Dec 1898,98.37683245
1899,1,Jan 1899,98.30134865
1899,2,Feb 1899,98.33695766
1899,3,Mar 1899,98.48098583
1899,4,Apr 1899,98.07363401
1899,5,May 1899,98.57182055
1899,6,Jun 1899,98.28230909
1899,7,Jul 1899,98.55783602
1899,8,Aug 1899,98.56683369
1899,9,Sep 1899,98.90543746
1899,10,Oct 1899,98.91019314
1899,11,Nov 1899,99.32809322
1899,12,Dec 1899,98.67885252
1900,1,Jan-00,99.61788559
1900,2,Feb-00,99.71254826
1900,3,Mar-00,100.5207859
1900,4,Apr-00,99.29625825
1900,5,May-00,99.41984549
1900,6,Jun-00,98.98378579
1900,7,Jul-00,99.18651297
1900,8,Aug-00,98.82461014
1900,9,Sep-00,99.62189753
1900,10,Oct-00,98.79289801
1900,11,Nov-00,98.96017428
1900,12,Dec-00,99.3990103
1901,1,Jan-01,100.2494261
1901,2,Feb-01,99.68594902
1901,3,Mar-01,99.15091097
1901,4,Apr-01,99.8038991
1901,5,May-01,100.042228
1901,6,Jun-01,99.32307065
1901,7,Jul-01,99.41476312
1901,8,Aug-01,99.31469309
1901,9,Sep-01,99.71816108
1901,10,Oct-01,99.20672409
1901,11,Nov-01,99.25569514
1901,12,Dec-01,98.9010779
1902,1,Jan-02,99.39893919
1902,2,Feb-02,99.0777631
1902,3,Mar-02,99.12533891
1902,4,Apr-02,99.02131594
1902,5,May-02,99.13801819
1902,6,Jun-02,98.46918249
1902,7,Jul-02,98.85193845
1902,8,Aug-02,98.9337723
1902,9,Sep-02,99.19058282
1902,10,Oct-02,99.07332905
1902,11,Nov-02,98.90884948
1902,12,Dec-02,99.01153954
1903,1,Jan-03,98.67983361
1903,2,Feb-03,98.77351363
1903,3,Mar-03,99.1292801
1903,4,Apr-03,99.61791891
1903,5,May-03,98.8273575
1903,6,Jun-03,99.66046816
1903,7,Jul-03,98.91398311
1903,8,Aug-03,98.86962881
1903,9,Sep-03,99.20449509
1903,10,Oct-03,98.86066756
1903,11,Nov-03,98.8517816
1903,12,Dec-03,99.11062268
1904,1,Jan-04,99.49541997
1904,2,Feb-04,99.75310661
1904,3,Mar-04,99.22119867
1904,4,Apr-04,99.17847353
1904,5,May-04,99.03620327
1904,6,Jun-04,99.0470196
1904,7,Jul-04,99.1510759
1904,8,Aug-04,99.51265341
1904,9,Sep-04,99.10555435
1904,10,Oct-04,98.46058151
1904,11,Nov-04,99.00835322
1904,12,Dec-04,99.13560778
1905,1,Jan-05,99.22870098
1905,2,Feb-05,99.6205956
1905,3,Mar-05,99.67600917
1905,4,Apr-05,99.03837356
1905,5,May-05,99.35243015
1905,6,Jun-05,99.06723123
1905,7,Jul-05,98.65982945
1905,8,Aug-05,98.68096574
1905,9,Sep-05,99.0531051
1905,10,Oct-05,98.94043578
1905,11,Nov-05,98.53426651
1905,12,Dec-05,99.00684345
1906,1,Jan-06,99.53672217
1906,2,Feb-06,99.08095675
1906,3,Mar-06,99.39934348
1906,4,Apr-06,99.69183486
1906,5,May-06,99.55478943
1906,6,Jun-06,99.16136098
1906,7,Jul-06,99.20847557
1906,8,Aug-06,99.41424466
1906,9,Sep-06,99.37427822
1906,10,Oct-06,99.1360968
1906,11,Nov-06,98.91502721
1906,12,Dec-06,98.62026002
1907,1,Jan-07,98.94148491
1907,2,Feb-07,99.32023873
1907,3,Mar-07,99.29606809
1907,4,Apr-07,98.80383743
1907,5,May-07,98.89105399
1907,6,Jun-07,98.51695682
1907,7,Jul-07,98.78078427
1907,8,Aug-07,99.42837993
1907,9,Sep-07,99.05395425
1907,10,Oct-07,99.12381761
1907,11,Nov-07,99.33533782
1907,12,Dec-07,98.88910444
1908,1,Jan-08,99.48139126
1908,2,Feb-08,99.14690658
1908,3,Mar-08,99.2772566
1908,4,Apr-08,99.20763444
1908,5,May-08,99.09485009
1908,6,Jun-08,98.86642574
1908,7,Jul-08,98.67376704
1908,8,Aug-08,99.04178832
1908,9,Sep-08,98.99483278
1908,10,Oct-08,99.08593265
1908,11,Nov-08,99.21292266
1908,12,Dec-08,99.58123977
1909,1,Jan-09,99.43007234
1909,2,Feb-09,99.02922417
1909,3,Mar-09,100.1024311
1909,4,Apr-09,100.213309
1909,5,May-09,99.69812554
1909,6,Jun-09,99.27632673
1909,7,Jul-09,99.5543875
1909,8,Aug-09,99.54320803
1909,9,Sep-09,99.41822144
1909,10,Oct-09,98.95968335
1909,11,Nov-09,98.80740572
1909,12,Dec-09,99.24962183
1910,1,Jan-10,99.07140413
1910,2,Feb-10,99.08466348
1910,3,Mar-10,99.43589861
1910,4,Apr-10,99.21406697
1910,5,May-10,99.1537789
1910,6,Jun-10,99.21224223
1910,7,Jul-10,99.50683411
1910,8,Aug-10,99.31214064
1910,9,Sep-10,99.23268339
1910,10,Oct-10,99.35664646
1910,11,Nov-10,99.45292467
1910,12,Dec-10,99.73314437
1911,1,Jan-11,99.48026586
1911,2,Feb-11,99.28580573
1911,3,Mar-11,99.21701804
1911,4,Apr-11,99.1544929
1911,5,May-11,98.81298886
1911,6,Jun-11,98.88220818
1911,7,Jul-11,99.1876083
1911,8,Aug-11,98.58340463
1911,9,Sep-11,99.00593785
1911,10,Oct-11,98.63951879
1911,11,Nov-11,98.89760571
1911,12,Dec-11,99.14526065
1912,1,Jan-12,99.80232912
1912,2,Feb-12,99.556935
1912,3,Mar-12,99.53591913
1912,4,Apr-12,99.04059754
1912,5,May-12,99.54698589
1912,6,Jun-12,99.05380547
1912,7,Jul-12,99.48134064
1912,8,Aug-12,98.8825666
1912,9,Sep-12,99.47020566
1912,10,Oct-12,99.44910985
1912,11,Nov-12,99.42851954
1912,12,Dec-12,99.37548906
1913,1,Jan-13,99.98874661
1913,2,Feb-13,99.84789153
1913,3,Mar-13,99.68523578
1913,4,Apr-13,100.5773121
1913,5,May-13,100.5428642
1913,6,Jun-13,99.81195972
1913,7,Jul-13,99.94356117
1913,8,Aug-13,100.3130494
1913,9,Sep-13,100.4506619
1913,10,Oct-13,99.90802901
1913,11,Nov-13,99.96781043
1913,12,Dec-13,99.5619522
1914,1,Jan-14,99.44209375
1914,2,Feb-14,99.75511393
1914,3,Mar-14,99.59591633
1914,4,Apr-14,98.9258997
1914,5,May-14,98.97949224
1914,6,Jun-14,99.42315881
1914,7,Jul-14,99.5772113
1914,8,Aug-14,99.88337022
1914,9,Sep-14,99.75129068
1914,10,Oct-14,99.67256151
1914,11,Nov-14,99.77087069
1914,12,Dec-14,99.63607916
1915,1,Jan-15,99.81106204
1915,2,Feb-15,99.67000849
1915,3,Mar-15,99.97317923
1915,4,Apr-15,99.08842129
1915,5,May-15,99.57080839
1915,6,Jun-15,99.00330452
1915,7,Jul-15,99.65724419
1915,8,Aug-15,99.29903464
1915,9,Sep-15,99.37676703
1915,10,Oct-15,99.59752549
1915,11,Nov-15,99.09868684
1915,12,Dec-15,99.56792975
1916,1,Jan-16,99.77111591
1916,2,Feb-16,99.45774334
1916,3,Mar-16,98.98049445
1916,4,Apr-16,99.01096584
1916,5,May-16,98.72727312
1916,6,Jun-16,99.05663227
1916,7,Jul-16,99.00369846
1916,8,Aug-16,100.0941049
1916,9,Sep-16,99.46227741
1916,10,Oct-16,98.86801144
1916,11,Nov-16,99.40854526
1916,12,Dec-16,99.39250181
1917,1,Jan-17,99.97568946
1917,2,Feb-17,99.7898257
1917,3,Mar-17,99.74979499
1917,4,Apr-17,99.72325339
1917,5,May-17,100.2144109
1917,6,Jun-17,99.93055932
1917,7,Jul-17,99.95391332
1917,8,Aug-17,99.87624539
1917,9,Sep-17,100.0266304
1917,10,Oct-17,101.0035262
1917,11,Nov-17,100.0554452
1917,12,Dec-17,100.2980955
1918,1,Jan-18,100.2264207
1918,2,Feb-18,100.1039282
1918,3,Mar-18,99.5097053
1918,4,Apr-18,100.34865
1918,5,May-18,99.41791881
1918,6,Jun-18,99.30320628
1918,7,Jul-18,99.96821524
1918,8,Aug-18,99.98105537
1918,9,Sep-18,99.71507068
1918,10,Oct-18,100.2230277
1918,11,Nov-18,99.97286638
1918,12,Dec-18,99.5210366
1919,1,Jan-19,99.81840224
1919,2,Feb-19,100.1912393
1919,3,Mar-19,99.78451899
1919,4,Apr-19,99.78453084
1919,5,May-19,99.85206321
1919,6,Jun-19,99.46589129
1919,7,Jul-19,99.22404286
1919,8,Aug-19,99.94652754
1919,9,Sep-19,99.85705803
1919,10,Oct-19,99.6995237
1919,11,Nov-19,99.69166317
1919,12,Dec-19,99.77039219
1920,1,Jan-20,99.56586876
1920,2,Feb-20,100.2802567
1920,3,Mar-20,99.6209095
1920,4,Apr-20,99.98561262
1920,5,May-20,99.57054161
1920,6,Jun-20,99.04905777
1920,7,Jul-20,99.20254356
1920,8,Aug-20,99.42988508
1920,9,Sep-20,99.48672392
1920,10,Oct-20,99.07035358
1920,11,Nov-20,99.49575942
1920,12,Dec-20,99.82376517
1921,1,Jan-21,100.057333
1921,2,Feb-21,100.555678
1921,3,Mar-21,100.0640615
1921,4,Apr-21,99.92192611
1921,5,May-21,99.62592348
1921,6,Jun-21,99.57036979
1921,7,Jul-21,100.1514768
1921,8,Aug-21,99.87910078
1921,9,Sep-21,99.25312258
1921,10,Oct-21,99.53540993
1921,11,Nov-21,99.40546669
1921,12,Dec-21,99.93477217
1922,1,Jan-22,99.56875911
1922,2,Feb-22,99.63848948
1922,3,Mar-22,99.80920577
1922,4,Apr-22,99.96830585
1922,5,May-22,99.53326388
1922,6,Jun-22,99.63576308
1922,7,Jul-22,100.0787898
1922,8,Aug-22,99.94262638
1922,9,Sep-22,100.3998241
1922,10,Oct-22,99.76993948
1922,11,Nov-22,99.66818263
1922,12,Dec-22,99.53683494
1923,1,Jan-23,99.82796194
1923,2,Feb-23,100.1395181
1923,3,Mar-23,99.82146919
1923,4,Apr-23,99.22386515
1923,5,May-23,99.4151508
1923,6,Jun-23,99.37248764
1923,7,Jul-23,99.62048557
1923,8,Aug-23,99.662194
1923,9,Sep-23,98.946301
1923,10,Oct-23,99.18586496
1923,11,Nov-23,99.54012567
1923,12,Dec-23,98.99692379
1924,1,Jan-24,99.32563154
1924,2,Feb-24,99.52167725
1924,3,Mar-24,99.42869643
1924,4,Apr-24,99.03770779
1924,5,May-24,98.89765394
1924,6,Jun-24,98.60441009
1924,7,Jul-24,99.08333729
1924,8,Aug-24,99.07663945
1924,9,Sep-24,99.22004806
1924,10,Oct-24,99.29879997
1924,11,Nov-24,98.85139711
1924,12,Dec-24,99.87926969
1925,1,Jan-25,99.69218672
1925,2,Feb-25,99.65308749
1925,3,Mar-25,99.38247256
1925,4,Apr-25,99.31430791
1925,5,May-25,99.52975656
1925,6,Jun-25,99.83838281
1925,7,Jul-25,99.75189691
1925,8,Aug-25,100.429654
1925,9,Sep-25,100.0640464
1925,10,Oct-25,100.8257893
1925,11,Nov-25,99.91236251
1925,12,Dec-25,99.78119865
1926,1,Jan-26,100.0540589
1926,2,Feb-26,100.0782453
1926,3,Mar-26,100.7466962
1926,4,Apr-26,100.4559812
1926,5,May-26,99.74539533
1926,6,Jun-26,99.65086414
1926,7,Jul-26,100.1929968
1926,8,Aug-26,99.86926987
1926,9,Sep-26,99.72425169
1926,10,Oct-26,99.76404398
1926,11,Nov-26,99.38932244
1926,12,Dec-26,99.36072932
1927,1,Jan-27,99.1586348
1927,2,Feb-27,99.70175078
1927,3,Mar-27,99.7832271
1927,4,Apr-27,99.29486522
1927,5,May-27,99.22858586
1927,6,Jun-27,99.07388103
1927,7,Jul-27,98.56447322
1927,8,Aug-27,99.1414209
1927,9,Sep-27,99.28778194
1927,10,Oct-27,99.34329489
1927,11,Nov-27,99.39682971
1927,12,Dec-27,99.08842422
1928,1,Jan-28,99.20077543
1928,2,Feb-28,99.46773856
1928,3,Mar-28,99.64602776
1928,4,Apr-28,99.37426994
1928,5,May-28,99.01587396
1928,6,Jun-28,99.4270982
1928,7,Jul-28,99.512468
1928,8,Aug-28,99.55844149
1928,9,Sep-28,99.42959242
1928,10,Oct-28,99.42815082
1928,11,Nov-28,99.50522319
1928,12,Dec-28,99.64430346
1929,1,Jan-29,99.85795724
1929,2,Feb-29,100.272664
1929,3,Mar-29,100.2483348
1929,4,Apr-29,99.95596966
1929,5,May-29,100.4377958
1929,6,Jun-29,99.89900981
1929,7,Jul-29,100.5479509
1929,8,Aug-29,100.1141643
1929,9,Sep-29,100.4962539
1929,10,Oct-29,101.3834584
1929,11,Nov-29,100.975225
1929,12,Dec-29,100.3892613
1930,1,Jan-30,99.91481959
1930,2,Feb-30,99.75166526
1930,3,Mar-30,100.1157013
1930,4,Apr-30,99.81231537
1930,5,May-30,100.1771196
1930,6,Jun-30,100.8614327
1930,7,Jul-30,100.2517947
1930,8,Aug-30,100.2664318
1930,9,Sep-30,100.3052759
1930,10,Oct-30,100.2858486
1930,11,Nov-30,100.3705349
1930,12,Dec-30,100.2232013
1931,1,Jan-31,100.3041844
1931,2,Feb-31,100.4600977
1931,3,Mar-31,100.1221718
1931,4,Apr-31,100.0457426
1931,5,May-31,100.2521361
1931,6,Jun-31,101.0968814
1931,7,Jul-31,101.4935117
1931,8,Aug-31,101.3922533
1931,9,Sep-31,100.9951416
1931,10,Oct-31,100.6594267
1931,11,Nov-31,100.623533
1931,12,Dec-31,101.8713295
1932,1,Jan-32,102.1448219
1932,2,Feb-32,101.0020775
1932,3,Mar-32,101.5447026
1932,4,Apr-32,101.8234386
1932,5,May-32,101.5417217
1932,6,Jun-32,101.3677707
1932,7,Jul-32,101.9798034
1932,8,Aug-32,101.1045496
1932,9,Sep-32,100.8686989
1932,10,Oct-32,101.2910631
1932,11,Nov-32,102.4498225
1932,12,Dec-32,103.3578265
1933,1,Jan-33,102.6212141
1933,2,Feb-33,103.0193219
1933,3,Mar-33,102.0335106
1933,4,Apr-33,101.6492414
1933,5,May-33,101.2667543
1933,6,Jun-33,102.1408515
1933,7,Jul-33,100.5518699
1933,8,Aug-33,101.2182974
1933,9,Sep-33,100.9715695
1933,10,Oct-33,100.9486221
1933,11,Nov-33,101.1466083
1933,12,Dec-33,101.076051
1934,1,Jan-34,100.5205354
1934,2,Feb-34,100.9479781
1934,3,Mar-34,101.6459739
1934,4,Apr-34,100.7728173
1934,5,May-34,101.0118528
1934,6,Jun-34,101.1012472
1934,7,Jul-34,100.6686854
1934,8,Aug-34,100.2935994
1934,9,Sep-34,99.87256689
1934,10,Oct-34,100.0382667
1934,11,Nov-34,100.067709
1934,12,Dec-34,100.1616296
1935,1,Jan-35,100.5594127
1935,2,Feb-35,100.3997335
1935,3,Mar-35,101.0763875
1935,4,Apr-35,99.82358583
1935,5,May-35,100.129622
1935,6,Jun-35,99.91707508
1935,7,Jul-35,99.82704859
1935,8,Aug-35,100.0779112
1935,9,Sep-35,99.46757003
1935,10,Oct-35,100.0214152
1935,11,Nov-35,100.0279573
1935,12,Dec-35,100.6222625
1936,1,Jan-36,100.0755892
1936,2,Feb-36,99.97272268
1936,3,Mar-36,100.814655
1936,4,Apr-36,100.0755499
1936,5,May-36,99.92655845
1936,6,Jun-36,99.69113021
1936,7,Jul-36,99.73965956
1936,8,Aug-36,99.58785849
1936,9,Sep-36,99.61077945
1936,10,Oct-36,99.31012579
1936,11,Nov-36,98.96916603
1936,12,Dec-36,99.56617705
1937,1,Jan-37,99.53083134
1937,2,Feb-37,99.5863038
1937,3,Mar-37,99.63141111
1937,4,Apr-37,99.51146493
1937,5,May-37,99.77540069
1937,6,Jun-37,99.81859318
1937,7,Jul-37,99.45698211
1937,8,Aug-37,99.55633265
1937,9,Sep-37,100.0499886
1937,10,Oct-37,99.90481105
1937,11,Nov-37,99.74553599
1937,12,Dec-37,99.49409073
1938,1,Jan-38,100.2644846
1938,2,Feb-38,100.2178711
1938,3,Mar-38,100.9424915
1938,4,Apr-38,100.5304763
1938,5,May-38,100.0759335
1938,6,Jun-38,99.83668517
1938,7,Jul-38,99.84604427
1938,8,Aug-38,99.83342309
1938,9,Sep-38,99.88444985
1938,10,Oct-38,99.57358429
1938,11,Nov-38,99.42577123
1938,12,Dec-38,99.7418144
1939,1,Jan-39,100.1429997
1939,2,Feb-39,99.86835565
1939,3,Mar-39,100.3723579
1939,4,Apr-39,99.79986864
1939,5,May-39,99.65556367
1939,6,Jun-39,100.1585278
1939,7,Jul-39,99.48087015
1939,8,Aug-39,99.39195475
1939,9,Sep-39,100.6625609
1939,10,Oct-39,99.99751253
1939,11,Nov-39,99.62888869
1939,12,Dec-39,99.92256198
1940,1,Jan-40,100.5547345
1940,2,Feb-40,100.2565797
1940,3,Mar-40,99.51161258
1940,4,Apr-40,99.35310549
1940,5,May-40,99.97647339
1940,6,Jun-40,99.18992181
1940,7,Jul-40,99.61911954
1940,8,Aug-40,99.64613419
1940,9,Sep-40,99.3815917
1940,10,Oct-40,98.98529231
1940,11,Nov-40,99.29220286
1940,12,Dec-40,99.42743768
1941,1,Jan-41,99.62777477
1941,2,Feb-41,100.2061129
1941,3,Mar-41,99.29353814
1941,4,Apr-41,99.44681319
1941,5,May-41,99.64369157
1941,6,Jun-41,99.02439307
1941,7,Jul-41,99.36832433
1941,8,Aug-41,99.8105835
1941,9,Sep-41,99.51204034
1941,10,Oct-41,99.80737516
1941,11,Nov-41,99.31649617
1941,12,Dec-41,99.74288776
1942,1,Jan-42,100.4417029
1942,2,Feb-42,100.4405117
1942,3,Mar-42,99.86149416
1942,4,Apr-42,100.4006166
1942,5,May-42,99.94861676
1942,6,Jun-42,99.87735547
1942,7,Jul-42,100.1454782
1942,8,Aug-42,100.0966135
1942,9,Sep-42,99.8397838
1942,10,Oct-42,99.53939097
1942,11,Nov-42,99.56707006
1942,12,Dec-42,99.65880018
1943,1,Jan-43,100.2123906
1943,2,Feb-43,101.07237
1943,3,Mar-43,99.89003356
1943,4,Apr-43,100.1572509
1943,5,May-43,99.56735009
1943,6,Jun-43,99.80449014
1943,7,Jul-43,99.80674882
1943,8,Aug-43,100.0625092
1943,9,Sep-43,100.1364095
1943,10,Oct-43,100.2083146
1943,11,Nov-43,99.7094802
1943,12,Dec-43,99.91685219
1944,1,Jan-44,100.3596161
1944,2,Feb-44,100.4376326
1944,3,Mar-44,99.85540195
1944,4,Apr-44,99.13867318
1944,5,May-44,99.78595001
1944,6,Jun-44,100.1158462
1944,7,Jul-44,100.1082943
1944,8,Aug-44,99.64975699
1944,9,Sep-44,99.87968153
1944,10,Oct-44,99.97867983
1944,11,Nov-44,100.4569832
1944,12,Dec-44,100.1656968
1945,1,Jan-45,99.54530002
1945,2,Feb-45,99.73518686
1945,3,Mar-45,100.1067432
1945,4,Apr-45,99.8575582
1945,5,May-45,100.3827458
1945,6,Jun-45,100.5261835
1945,7,Jul-45,100.0046869
1945,8,Aug-45,99.61426527
1945,9,Sep-45,99.40915242
1945,10,Oct-45,99.81082419
1945,11,Nov-45,99.2373062
1945,12,Dec-45,99.71320494
1946,1,Jan-46,99.82012479
1946,2,Feb-46,100.0572402
1946,3,Mar-46,99.77778893
1946,4,Apr-46,99.33664078
1946,5,May-46,100.6657434
1946,6,Jun-46,99.64857438
1946,7,Jul-46,99.57974612
1946,8,Aug-46,99.79387402
1946,9,Sep-46,99.75016487
1946,10,Oct-46,99.76122846
1946,11,Nov-46,99.76822952
1946,12,Dec-46,99.88299281
1947,1,Jan-47,100.1749478
1947,2,Feb-47,100.2190405
1947,3,Mar-47,100.1442218
1947,4,Apr-47,100.2063798
1947,5,May-47,100.7819387
1947,6,Jun-47,99.79238604
1947,7,Jul-47,99.89625039
1947,8,Aug-47,100.0387602
1947,9,Sep-47,99.83793949
1947,10,Oct-47,99.78577244
1947,11,Nov-47,99.68332204
1947,12,Dec-47,100.1977932
1948,1,Jan-48,100.3125043
1948,2,Feb-48,100.1158166
1948,3,Mar-48,99.93141789
1948,4,Apr-48,99.434259
1948,5,May-48,99.37392336
1948,6,Jun-48,99.12574134
1948,7,Jul-48,99.06538434
1948,8,Aug-48,99.74271059
1948,9,Sep-48,99.27912036
1948,10,Oct-48,99.50471703
1948,11,Nov-48,99.19309011
1948,12,Dec-48,99.54175016
1949,1,Jan-49,99.79495005
1949,2,Feb-49,99.71518426
1949,3,Mar-49,99.40281916
1949,4,Apr-49,99.39063252
1949,5,May-49,99.7389248
1949,6,Jun-49,99.80982453
1949,7,Jul-49,99.82497503
1949,8,Aug-49,99.82283484
1949,9,Sep-49,99.59330282
1949,10,Oct-49,99.65228884
1949,11,Nov-49,99.30728507
1949,12,Dec-49,98.95459174
1950,1,Jan-50,99.56425837
1950,2,Feb-50,99.35507863
1950,3,Mar-50,99.42821429
1950,4,Apr-50,99.2015398
1950,5,May-50,99.47089173
1950,6,Jun-50,99.47575165
1950,7,Jul-50,99.21875349
1950,8,Aug-50,98.96212756
1950,9,Sep-50,99.23518964
1950,10,Oct-50,99.39532404
1950,11,Nov-50,99.27413566
1950,12,Dec-50,99.16576595
1951,1,Jan-51,99.28726263
1951,2,Feb-51,99.58542312
1951,3,Mar-51,99.46963097
1951,4,Apr-51,99.11203573
1951,5,May-51,99.29108995
1951,6,Jun-51,99.22638086
1951,7,Jul-51,99.2024546
1951,8,Aug-51,99.21034741
1951,9,Sep-51,98.90718533
1951,10,Oct-51,98.99342884
1951,11,Nov-51,99.11016256
1951,12,Dec-51,98.70087219
1952,1,Jan-52,99.53745936
1952,2,Feb-52,99.39908768
1952,3,Mar-52,99.6392185
1952,4,Apr-52,99.27941098
1952,5,May-52,99.37105193
1952,6,Jun-52,99.02097894
1952,7,Jul-52,99.14192132
1952,8,Aug-52,99.44555486
1952,9,Sep-52,99.42974194
1952,10,Oct-52,99.00938763
1952,11,Nov-52,98.69129361
1952,12,Dec-52,99.30369875
1953,1,Jan-53,99.0378938
1953,2,Feb-53,99.21783671
1953,3,Mar-53,98.90753062
1953,4,Apr-53,99.29786882
1953,5,May-53,99.07862238
1953,6,Jun-53,99.6809794
1953,7,Jul-53,99.19941865
1953,8,Aug-53,99.07643015
1953,9,Sep-53,99.11127891
1953,10,Oct-53,98.97664392
1953,11,Nov-53,98.6994621
1953,12,Dec-53,98.86753872
1954,1,Jan-54,98.96784036
1954,2,Feb-54,99.71845384
1954,3,Mar-54,99.20479852
1954,4,Apr-54,99.30061027
1954,5,May-54,98.69328664
1954,6,Jun-54,98.79943526
1954,7,Jul-54,98.89011239
1954,8,Aug-54,98.9552496
1954,9,Sep-54,99.09413055
1954,10,Oct-54,98.76521552
1954,11,Nov-54,98.5624476
1954,12,Dec-54,99.16477743
1955,1,Jan-55,99.21820293
1955,2,Feb-55,98.79951702
1955,3,Mar-55,99.16751488
1955,4,Apr-55,98.60755116
1955,5,May-55,98.88771973
1955,6,Jun-55,98.6876371
1955,7,Jul-55,98.96531512
1955,8,Aug-55,99.1470986
1955,9,Sep-55,98.93794224
1955,10,Oct-55,98.59920684
1955,11,Nov-55,98.89606586
1955,12,Dec-55,98.94180596
1956,1,Jan-56,98.85524882
1956,2,Feb-56,99.18733652
1956,3,Mar-56,98.70185291
1956,4,Apr-56,98.73315866
1956,5,May-56,98.52526149
1956,6,Jun-56,98.90801864
1956,7,Jul-56,98.74880647
1956,8,Aug-56,98.93151215
1956,9,Sep-56,98.68215499
1956,10,Oct-56,98.5124435
1956,11,Nov-56,98.61330545
1956,12,Dec-56,98.85869489
1957,1,Jan-57,99.02633093
1957,2,Feb-57,99.04851845
1957,3,Mar-57,98.93851533
1957,4,Apr-57,98.941633
1957,5,May-57,98.96271705
1957,6,Jun-57,99.00016487
1957,7,Jul-57,98.84974285
1957,8,Aug-57,99.01047269
1957,9,Sep-57,98.63388602
1957,10,Oct-57,99.0916515
1957,11,Nov-57,99.11169761
1957,12,Dec-57,99.03118258
1958,1,Jan-58,99.43762611
1958,2,Feb-58,99.17750425
1958,3,Mar-58,99.00672758
1958,4,Apr-58,99.08082346
1958,5,May-58,99.03343922
1958,6,Jun-58,98.77923837
1958,7,Jul-58,99.17306169
1958,8,Aug-58,99.04348908
1958,9,Sep-58,98.63628949
1958,10,Oct-58,99.05063238
1958,11,Nov-58,98.82553113
1958,12,Dec-58,98.96499114
1959,1,Jan-59,98.90572312
1959,2,Feb-59,98.80620995
1959,3,Mar-59,99.27837476
1959,4,Apr-59,99.07450912
1959,5,May-59,98.90292215
1959,6,Jun-59,99.21204764
1959,7,Jul-59,98.87634329
1959,8,Aug-59,99.00608338
1959,9,Sep-59,98.8177643
1959,10,Oct-59,98.82918996
1959,11,Nov-59,98.76922109
1959,12,Dec-59,98.84221469
1960,1,Jan-60,98.55979256
1960,2,Feb-60,99.05659134
1960,3,Mar-60,98.80633591
1960,4,Apr-60,98.68543453
1960,5,May-60,98.68211903
1960,6,Jun-60,98.6415862
1960,7,Jul-60,98.32778938
1960,8,Aug-60,99.14128823
1960,9,Sep-60,99.08672374
1960,10,Oct-60,99.18686724
1960,11,Nov-60,99.0939476
1960,12,Dec-60,98.74885385
1961,1,Jan-61,98.96828576
1961,2,Feb-61,99.04083262
1961,3,Mar-61,99.10430431
1961,4,Apr-61,98.87429061
1961,5,May-61,98.88658744
1961,6,Jun-61,99.2065161
1961,7,Jul-61,98.90357481
1961,8,Aug-61,98.82930801
1961,9,Sep-61,98.72667684
1961,10,Oct-61,98.42751009
1961,11,Nov-61,98.61956046
1961,12,Dec-61,98.86168545
1962,1,Jan-62,99.35984305
1962,2,Feb-62,99.09669964
1962,3,Mar-62,99.0743281
1962,4,Apr-62,99.08717638
1962,5,May-62,99.05133049
1962,6,Jun-62,99.32487826
1962,7,Jul-62,99.13230302
1962,8,Aug-62,99.00453519
1962,9,Sep-62,98.85611702
1962,10,Oct-62,98.95460589
1962,11,Nov-62,98.70090846
1962,12,Dec-62,98.77846099
1963,1,Jan-63,98.83506506
1963,2,Feb-63,98.78760383
1963,3,Mar-63,98.68946794
1963,4,Apr-63,99.09605946
1963,5,May-63,98.86555441
1963,6,Jun-63,98.59762195
1963,7,Jul-63,99.23644094
1963,8,Aug-63,99.22916009
1963,9,Sep-63,98.67672664
1963,10,Oct-63,98.73983551
1963,11,Nov-63,98.90756053
1963,12,Dec-63,98.83875479
1964,1,Jan-64,98.81636058
1964,2,Feb-64,98.8917201
1964,3,Mar-64,98.55385479
1964,4,Apr-64,98.81262567
1964,5,May-64,98.54389716
1964,6,Jun-64,98.78536137
1964,7,Jul-64,98.63575609
1964,8,Aug-64,98.54439292
1964,9,Sep-64,98.41677221
1964,10,Oct-64,98.59386902
1964,11,Nov-64,98.65467132
1964,12,Dec-64,98.89745535
1965,1,Jan-65,98.64775831
1965,2,Feb-65,98.90560717
1965,3,Mar-65,98.8018179
1965,4,Apr-65,98.38261783
1965,5,May-65,98.49204976
1965,6,Jun-65,99.10799762
1965,7,Jul-65,98.67873244
1965,8,Aug-65,98.80980532
1965,9,Sep-65,98.35939144
1965,10,Oct-65,98.59968875
1965,11,Nov-65,98.81370611
1965,12,Dec-65,98.83238818
1966,1,Jan-66,98.79539573
1966,2,Feb-66,98.79533512
1966,3,Mar-66,99.2966456
1966,4,Apr-66,99.1360836
1966,5,May-66,98.81861971
1966,6,Jun-66,98.92547958
1966,7,Jul-66,99.15160513
1966,8,Aug-66,99.7812583
1966,9,Sep-66,99.47500934
1966,10,Oct-66,99.14859964
1966,11,Nov-66,99.14284999
1966,12,Dec-66,99.24968949
1967,1,Jan-67,99.41211953
1967,2,Feb-67,99.42143543
1967,3,Mar-67,99.83100816
1967,4,Apr-67,99.18068121
1967,5,May-67,99.89716491
1967,6,Jun-67,99.50041537
1967,7,Jul-67,99.20149013
1967,8,Aug-67,99.4494665
1967,9,Sep-67,99.1781245
1967,10,Oct-67,99.40846794
1967,11,Nov-67,99.77960454
1967,12,Dec-67,99.32854569
1968,1,Jan-68,99.57135868
1968,2,Feb-68,99.56437654
1968,3,Mar-68,99.68505879
1968,4,Apr-68,99.17306433
1968,5,May-68,99.23133992
1968,6,Jun-68,99.53234717
1968,7,Jul-68,99.40412688
1968,8,Aug-68,99.06547413
1968,9,Sep-68,98.76178956
1968,10,Oct-68,99.32451909
1968,11,Nov-68,99.41059697
1968,12,Dec-68,99.16403557
1969,1,Jan-69,99.48152114
1969,2,Feb-69,99.56470737
1969,3,Mar-69,99.81553249
1969,4,Apr-69,99.66121111
1969,5,May-69,99.21605026
1969,6,Jun-69,99.33878036
1969,7,Jul-69,99.66382059
1969,8,Aug-69,99.74108979
1969,9,Sep-69,99.5464983
1969,10,Oct-69,99.42221353
1969,11,Nov-69,99.69117051
1969,12,Dec-69,99.7438107
1970,1,Jan-70,100.060904
1970,2,Feb-70,100.0681069
1970,3,Mar-70,100.1464606
1970,4,Apr-70,99.7559649
1970,5,May-70,100.0567217
1970,6,Jun-70,100.1171638
1970,7,Jul-70,99.64342353
1970,8,Aug-70,99.98286533
1970,9,Sep-70,99.84252412
1970,10,Oct-70,99.8627826
1970,11,Nov-70,99.98588838
1970,12,Dec-70,99.83481272
1971,1,Jan-71,100.0618095
1971,2,Feb-71,100.5292202
1971,3,Mar-71,99.87308832
1971,4,Apr-71,99.49301293
1971,5,May-71,100.4372079
1971,6,Jun-71,99.80575804
1971,7,Jul-71,100.3074915
1971,8,Aug-71,100.0996523
1971,9,Sep-71,100.2395244
1971,10,Oct-71,99.88469787
1971,11,Nov-71,99.95413608
1971,12,Dec-71,99.41266278
1972,1,Jan-72,99.62157611
1972,2,Feb-72,100.0347225
1972,3,Mar-72,99.81725878
1972,4,Apr-72,99.70339435
1972,5,May-72,99.62054723
1972,6,Jun-72,99.92991682
1972,7,Jul-72,99.90968483
1972,8,Aug-72,99.33212664
1972,9,Sep-72,99.41211446
1972,10,Oct-72,99.74097393
1972,11,Nov-72,99.1108726
1972,12,Dec-72,99.47120779
1973,1,Jan-73,99.80491409
1973,2,Feb-73,100.4840941
1973,3,Mar-73,100.1372171
1973,4,Apr-73,100.0159571
1973,5,May-73,99.81973695
1973,6,Jun-73,99.97016509
1973,7,Jul-73,100.3712908
1973,8,Aug-73,99.41138251
1973,9,Sep-73,99.93389337
1973,10,Oct-73,100.1501718
1973,11,Nov-73,100.4537862
1973,12,Dec-73,100.4883675
1974,1,Jan-74,100.3975529
1974,2,Feb-74,100.0747276
1974,3,Mar-74,100.6183635
1974,4,Apr-74,100.2494076
1974,5,May-74,100.0011724
1974,6,Jun-74,100.1719324
1974,7,Jul-74,100.6087907
1974,8,Aug-74,100.8858278
1974,9,Sep-74,100.9416492
1974,10,Oct-74,101.8486346
1974,11,Nov-74,101.3361651
1974,12,Dec-74,100.8773939
1975,1,Jan-75,101.0861596
1975,2,Feb-75,101.6699866
1975,3,Mar-75,100.7598635
1975,4,Apr-75,100.589593
1975,5,May-75,100.3533588
1975,6,Jun-75,100.1013677
1975,7,Jul-75,100.0417841
1975,8,Aug-75,100.4221011
1975,9,Sep-75,100.1649217
1975,10,Oct-75,100.7458537
1975,11,Nov-75,100.2599586
1975,12,Dec-75,100.0419683
1976,1,Jan-76,100.0042277
1976,2,Feb-76,99.69235295
1976,3,Mar-76,100.1697915
1976,4,Apr-76,99.4283224
1976,5,May-76,100.1197643
1976,6,Jun-76,99.94390241
1976,7,Jul-76,99.76608463
1976,8,Aug-76,99.88887443
1976,9,Sep-76,99.66957586
1976,10,Oct-76,100.5115677
1976,11,Nov-76,100.4456887
1976,12,Dec-76,99.86600711
1977,1,Jan-77,100.1849827
1977,2,Feb-77,100.2800892
1977,3,Mar-77,100.5345491
1977,4,Apr-77,100.40913
1977,5,May-77,99.70388774
1977,6,Jun-77,99.59128374
1977,7,Jul-77,100.0213198
1977,8,Aug-77,100.3038469
1977,9,Sep-77,99.80305191
1977,10,Oct-77,100.1735915
1977,11,Nov-77,100.2135752
1977,12,Dec-77,100.3647662
1978,1,Jan-78,101.2078319
1978,2,Feb-78,100.510385
1978,3,Mar-78,100.7308671
1978,4,Apr-78,100.5276715
1978,5,May-78,100.2654988
1978,6,Jun-78,100.2971517
1978,7,Jul-78,100.7468572
1978,8,Aug-78,100.1537691
1978,9,Sep-78,100.2533013
1978,10,Oct-78,100.1761964
1978,11,Nov-78,100.4053274
1978,12,Dec-78,100.2554684
1979,1,Jan-79,100.0585984
1979,2,Feb-79,100.3901433
1979,3,Mar-79,100.5629164
1979,4,Apr-79,100.1537865
1979,5,May-79,100.1777563
1979,6,Jun-79,100.6312693
1979,7,Jul-79,100.1590536
1979,8,Aug-79,100.8650268
1979,9,Sep-79,100.0753273
1979,10,Oct-79,100.7030562
1979,11,Nov-79,100.6299852
1979,12,Dec-79,100.4633909
1980,1,Jan-80,100.850989
1980,2,Feb-80,100.8352466
1980,3,Mar-80,101.173971
1980,4,Apr-80,101.5748466
1980,5,May-80,101.3022583
1980,6,Jun-80,100.6968321
1980,7,Jul-80,100.9534585
1980,8,Aug-80,100.3042418
1980,9,Sep-80,100.0940097
1980,10,Oct-80,100.5086931
1980,11,Nov-80,100.4251535
1980,12,Dec-80,100.6760678
1981,1,Jan-81,100.8830937
1981,2,Feb-81,101.7120637
1981,3,Mar-81,100.8696203
1981,4,Apr-81,101.1439056
1981,5,May-81,100.7416662
1981,6,Jun-81,100.8406546
1981,7,Jul-81,101.4831861
1981,8,Aug-81,100.6851154
1981,9,Sep-81,101.0689929
1981,10,Oct-81,101.2592451
1981,11,Nov-81,101.0079027
1981,12,Dec-81,100.9398378
1982,1,Jan-82,101.0955188
1982,2,Feb-82,101.8291539
1982,3,Mar-82,101.1939612
1982,4,Apr-82,102.0622285
1982,5,May-82,101.2457439
1982,6,Jun-82,101.1360152
1982,7,Jul-82,102.5248903
1982,8,Aug-82,101.8698349
1982,9,Sep-82,101.6714189
1982,10,Oct-82,101.4957033
1982,11,Nov-82,101.5471169
1982,12,Dec-82,100.9430727
1983,1,Jan-83,101.3099031
1983,2,Feb-83,100.952418
1983,3,Mar-83,100.7914089
1983,4,Apr-83,101.2103964
1983,5,May-83,100.6600044
1983,6,Jun-83,100.6026906
1983,7,Jul-83,101.3531352
1983,8,Aug-83,100.686154
1983,9,Sep-83,100.3418598
1983,10,Oct-83,101.3778036
1983,11,Nov-83,100.4276318
1983,12,Dec-83,100.2928455
1984,1,Jan-84,100.2765973
1984,2,Feb-84,100.7296564
1984,3,Mar-84,100.6788
1984,4,Apr-84,100.2126229
1984,5,May-84,100.7673252
1984,6,Jun-84,100.7849296
1984,7,Jul-84,100.4264698
1984,8,Aug-84,100.735644
1984,9,Sep-84,100.7944916
1984,10,Oct-84,101.2433339
1984,11,Nov-84,100.446454
1984,12,Dec-84,100.6261009
1985,1,Jan-85,100.3676177
1985,2,Feb-85,100.9937349
1985,3,Mar-85,100.5326546
1985,4,Apr-85,100.7070302
1985,5,May-85,100.6239
1985,6,Jun-85,100.5340926
1985,7,Jul-85,100.79275
1985,8,Aug-85,101.0628158
1985,9,Sep-85,100.8334452
1985,10,Oct-85,101.221936
1985,11,Nov-85,100.7899704
1985,12,Dec-85,100.728527
1986,1,Jan-86,101.284978
1986,2,Feb-86,101.529402
1986,3,Mar-86,100.9203484
1986,4,Apr-86,101.2636909
1986,5,May-86,100.6236041
1986,6,Jun-86,100.839477
1986,7,Jul-86,101.279575
1986,8,Aug-86,101.0858632
1986,9,Sep-86,100.7443665
1986,10,Oct-86,100.5108242
1986,11,Nov-86,100.5787694
1986,12,Dec-86,100.5049034
1987,1,Jan-87,101.0186626
1987,2,Feb-87,101.1589089
1987,3,Mar-87,101.0484645
1987,4,Apr-87,101.0729167
1987,5,May-87,101.039602
1987,6,Jun-87,101.2377828
1987,7,Jul-87,101.4029479
1987,8,Aug-87,100.4845649
1987,9,Sep-87,100.6365687
1987,10,Oct-87,101.8238614
1987,11,Nov-87,101.6966879
1987,12,Dec-87,101.4189994
1988,1,Jan-88,101.1478142
1988,2,Feb-88,100.707561
1988,3,Mar-88,100.1377187
1988,4,Apr-88,100.3717674
1988,5,May-88,100.1232328
1988,6,Jun-88,100.2781023
1988,7,Jul-88,100.6500799
1988,8,Aug-88,100.7234735
1988,9,Sep-88,100.471504
1988,10,Oct-88,100.4962366
1988,11,Nov-88,100.3010447
1988,12,Dec-88,100.6960091
1989,1,Jan-89,100.9206967
1989,2,Feb-89,101.225746
1989,3,Mar-89,101.2999042
1989,4,Apr-89,100.618582
1989,5,May-89,100.2720343
1989,6,Jun-89,101.0064243
1989,7,Jul-89,101.0035636
1989,8,Aug-89,100.5235828
1989,9,Sep-89,100.6233873
1989,10,Oct-89,101.3209069
1989,11,Nov-89,100.8712536
1989,12,Dec-89,100.9293779
1990,1,Jan-90,101.4101323
1990,2,Feb-90,101.426373
1990,3,Mar-90,100.7113365
1990,4,Apr-90,101.3043795
1990,5,May-90,100.838959
1990,6,Jun-90,101.042571
1990,7,Jul-90,101.3042562
1990,8,Aug-90,101.3792004
1990,9,Sep-90,101.6710796
1990,10,Oct-90,101.5377049
1990,11,Nov-90,101.4449106
1990,12,Dec-90,101.3062907
1991,1,Jan-91,102.279852
1991,2,Feb-91,101.7746412
1991,3,Mar-91,100.9926937
1991,4,Apr-91,101.3148574
1991,5,May-91,100.8344736
1991,6,Jun-91,100.8664145
1991,7,Jul-91,100.9165879
1991,8,Aug-91,101.5378986
1991,9,Sep-91,101.0358606
1991,10,Oct-91,101.8071198
1991,11,Nov-91,101.7942714
1991,12,Dec-91,101.4841295
1992,1,Jan-92,101.7059886
1992,2,Feb-92,101.166246
1992,3,Mar-92,101.2064939
1992,4,Apr-92,101.0423456
1992,5,May-92,100.9673382
1992,6,Jun-92,100.7984808
1992,7,Jul-92,100.8678508
1992,8,Aug-92,101.314559
1992,9,Sep-92,101.7986927
1992,10,Oct-92,101.5845968
1992,11,Nov-92,100.9515728
1992,12,Dec-92,100.7053059
1993,1,Jan-93,101.0328044
1993,2,Feb-93,101.6765756
1993,3,Mar-93,101.1350689
1993,4,Apr-93,101.0526267
1993,5,May-93,100.6846257
1993,6,Jun-93,100.6894942
1993,7,Jul-93,100.6552885
1993,8,Aug-93,100.6637059
1993,9,Sep-93,100.1784883
1993,10,Oct-93,100.3677997
1993,11,Nov-93,100.2993928
1993,12,Dec-93,100.219961
1994,1,Jan-94,101.1624479
1994,2,Feb-94,101.3809138
1994,3,Mar-94,101.251268
1994,4,Apr-94,101.2711777
1994,5,May-94,101.3431169
1994,6,Jun-94,100.788841
1994,7,Jul-94,101.0967571
1994,8,Aug-94,100.4074677
1994,9,Sep-94,100.5168309
1994,10,Oct-94,100.9340326
1994,11,Nov-94,100.7418844
1994,12,Dec-94,101.2213208
1995,1,Jan-95,101.764498
1995,2,Feb-95,101.2105214
1995,3,Mar-95,101.1954604
1995,4,Apr-95,100.6823711
1995,5,May-95,100.7054653
1995,6,Jun-95,100.9378076
1995,7,Jul-95,100.6375004
1995,8,Aug-95,100.9326314
1995,9,Sep-95,101.0316579
1995,10,Oct-95,100.8424207
1995,11,Nov-95,101.4915666
1995,12,Dec-95,100.8806525
1996,1,Jan-96,101.6704004
1996,2,Feb-96,101.8254832
1996,3,Mar-96,101.4043168
1996,4,Apr-96,101.5987684
1996,5,May-96,101.7668992
1996,6,Jun-96,100.9671424
1996,7,Jul-96,101.6490423
1996,8,Aug-96,100.8261641
1996,9,Sep-96,101.0597772
1996,10,Oct-96,101.1003402
1996,11,Nov-96,100.722598
1996,12,Dec-96,100.8875791
1997,1,Jan-97,101.6619635
1997,2,Feb-97,102.3824521
1997,3,Mar-97,102.2194136
1997,4,Apr-97,101.8330034
1997,5,May-97,101.2406973
1997,6,Jun-97,100.9064478
1997,7,Jul-97,101.5166411
1997,8,Aug-97,101.5376623
1997,9,Sep-97,101.7867957
1997,10,Oct-97,102.4655979
1997,11,Nov-97,102.4818781
1997,12,Dec-97,102.4532038
1998,1,Jan-98,102.4894049
1998,2,Feb-98,101.6571764
1998,3,Mar-98,101.4650853
1998,4,Apr-98,101.8880344
1998,5,May-98,101.4002765
1998,6,Jun-98,100.949485
1998,7,Jul-98,101.7564641
1998,8,Aug-98,102.1227119
1998,9,Sep-98,102.2501327
1998,10,Oct-98,102.473696
1998,11,Nov-98,101.6423455
1998,12,Dec-98,101.4328429
1999,1,Jan-99,101.6381306
1999,2,Feb-99,101.9592932
1999,3,Mar-99,101.5265851
1999,4,Apr-99,101.4354161
1999,5,May-99,101.1512711
1999,6,Jun-99,101.5055633
1999,7,Jul-99,101.2923696
1999,8,Aug-99,101.8723499
1999,9,Sep-99,100.8700101
1999,10,Oct-99,101.9222546
1999,11,Nov-99,101.619782
1999,12,Dec-99,101.1697926
2.00E+03,1,Jan-00,101.5964897
2.00E+03,2,Feb-00,101.7601968
2.00E+03,3,Mar-00,101.2569127
2.00E+03,4,Apr-00,101.7176669
2.00E+03,5,May-00,101.2809027
2.00E+03,6,Jun-00,100.9617386
2.00E+03,7,Jul-00,100.77017
2.00E+03,8,Aug-00,100.4469304
2.00E+03,9,Sep-00,101.2148096
2.00E+03,10,Oct-00,101.0089371
2.00E+03,11,Nov-00,101.3116223
2.00E+03,12,Dec-00,101.7436587
2001,1,Jan-01,101.9063304
2001,2,Feb-01,102.0595799
2001,3,Mar-01,102.5103692
2001,4,Apr-01,102.2574489
2001,5,May-01,101.593534
2001,6,Jun-01,101.3576141
2001,7,Jul-01,102.2686681
2001,8,Aug-01,101.9983712
2001,9,Sep-01,102.362993
2001,10,Oct-01,103.468719
2001,11,Nov-01,102.4295925
2001,12,Dec-01,101.659862
2002,1,Jan-02,102.4854906
2002,2,Feb-02,102.4232319
2002,3,Mar-02,101.5979739
2002,4,Apr-02,102.4184237
2002,5,May-02,101.3796521
2002,6,Jun-02,102.0904566
2002,7,Jul-02,102.8309295
2002,8,Aug-02,102.7883207
2002,9,Sep-02,102.0306331
2002,10,Oct-02,102.3214679
2002,11,Nov-02,101.7831738
2002,12,Dec-02,101.7920285
2003,1,Jan-03,102.5987661
2003,2,Feb-03,102.5880944
2003,3,Mar-03,102.1318229
2003,4,Apr-03,102.2290306
2003,5,May-03,102.402179
2003,6,Jun-03,101.5248916
2003,7,Jul-03,102.2165122
2003,8,Aug-03,101.7503061
2003,9,Sep-03,101.7152233
2003,10,Oct-03,101.3147122
2003,11,Nov-03,101.6256277
2003,12,Dec-03,101.3296438
2004,1,Jan-04,100.88097
2004,2,Feb-04,101.6800362
2004,3,Mar-04,101.0855477
2004,4,Apr-04,101.1205633
2004,5,May-04,100.97115
2004,6,Jun-04,100.6337422
2004,7,Jul-04,100.7356677
2004,8,Aug-04,101.2907805
2004,9,Sep-04,100.8483805
2004,10,Oct-04,101.0439399
2004,11,Nov-04,101.0620399
2004,12,Dec-04,100.5902434
2005,1,Jan-05,100.7940244
2005,2,Feb-05,101.1618275
2005,3,Mar-05,100.6292307
2005,4,Apr-05,101.1572668
2005,5,May-05,100.7346583
2005,6,Jun-05,100.6517962
2005,7,Jul-05,100.462719
2005,8,Aug-05,100.8211254
2005,9,Sep-05,100.620997
2005,10,Oct-05,100.6148176
2005,11,Nov-05,100.5539911
2005,12,Dec-05,100.2751346
2006,1,Jan-06,100.487861
2006,2,Feb-06,100.6280926
2006,3,Mar-06,100.802816
2006,4,Apr-06,100.6921276
2006,5,May-06,101.4222182
2006,6,Jun-06,100.4618681
2006,7,Jul-06,100.6313716
2006,8,Aug-06,101.3232478
2006,9,Sep-06,100.9085974
2006,10,Oct-06,100.8997162
2006,11,Nov-06,100.7754937
2006,12,Dec-06,100.6419395
2007,1,Jan-07,101.0415032
2007,2,Feb-07,101.2786097
2007,3,Mar-07,100.9473164
2007,4,Apr-07,100.7537608
2007,5,May-07,101.1618521
2007,6,Jun-07,100.8754425
2007,7,Jul-07,101.4377726
2007,8,Aug-07,102.1174949
2007,9,Sep-07,100.9908458
2007,10,Oct-07,101.1595249
2007,11,Nov-07,101.6245804
2007,12,Dec-07,101.1748747
2008,1,Jan-08,101.5172208
2008,2,Feb-08,101.3394359
2008,3,Mar-08,102.1689504
2008,4,Apr-08,101.5685801
2008,5,May-08,101.2643777
2008,6,Jun-08,101.33055
2008,7,Jul-08,101.4600693
2008,8,Aug-08,101.2970064
2008,9,Sep-08,104.6893043
2008,10,Oct-08,105.890542
2008,11,Nov-08,103.7870967
2008,12,Dec-08,103.2235297
2009,1,Jan-09,103.9399108
2009,2,Feb-09,103.5108001
2009,3,Mar-09,102.9297375
2009,4,Apr-09,102.015456
2009,5,May-09,101.6435743
2009,6,Jun-09,100.7604046
2009,7,Jul-09,101.266983
2009,8,Aug-09,101.2270661
2009,9,Sep-09,101.0421936
2009,10,Oct-09,101.1763664
2009,11,Nov-09,101.5532932
2009,12,Dec-09,101.316711
2010,1,Jan-10,101.8589483
2010,2,Feb-10,102.1021198
2010,3,Mar-10,101.3577725
2010,4,Apr-10,101.2771241
2010,5,May-10,102.0156966
2010,6,Jun-10,101.2615177
2010,7,Jul-10,101.0435939
2010,8,Aug-10,101.4132176
2010,9,Sep-10,100.4601903
2010,10,Oct-10,100.4152104
2010,11,Nov-10,100.7457785
2010,12,Dec-10,99.72926002
2011,1,Jan-11,100.2391558
2011,2,Feb-11,100.4481959
2011,3,Mar-11,100.4994939
2011,4,Apr-11,100.8457905
2011,5,May-11,101.0211883
2011,6,Jun-11,101.2642812
2011,7,Jul-11,103.0427902
2011,8,Aug-11,102.9401672
2011,9,Sep-11,101.2603838
2011,10,Oct-11,100.8224288
2011,11,Nov-11,101.0744011
2011,12,Dec-11,100.3062782
2012,1,Jan-12,100.542073
2012,2,Feb-12,100.4026244
2012,3,Mar-12,99.92398293
2012,4,Apr-12,100.131696
2012,5,May-12,100.7919055
2012,6,Jun-12,100.6211294
2012,7,Jul-12,100.3314849
2012,8,Aug-12,99.7314587
2012,9,Sep-12,99.77878793
2012,10,Oct-12,100.3051507
2012,11,Nov-12,100.0452041
2012,12,Dec-12,99.89004408
2013,1,Jan-13,100.6296239
2013,2,Feb-13,100.0357355
2013,3,Mar-13,99.85783617
2013,4,Apr-13,100.0904228
2013,5,May-13,100.197243
2013,6,Jun-13,99.61921777
2013,7,Jul-13,99.83607904
2013,8,Aug-13,100.3921945
2013,9,Sep-13,100.51452
2013,10,Oct-13,101.0698269
2013,11,Nov-13,99.84774112
2013,12,Dec-13,99.87490109
2014,1,Jan-14,99.69650611
2014,2,Feb-14,100.2829673
2014,3,Mar-14,99.87175572
2014,4,Apr-14,100.2465734
2014,5,May-14,100.3500961
2014,6,Jun-14,100.0401531
2014,7,Jul-14,100.4091263
2014,8,Aug-14,100.0523728
2014,9,Sep-14,100.0333329
2014,10,Oct-14,100.3431973
2014,11,Nov-14,100.1420376
2014,12,Dec-14,99.54257005
2015,1,Jan-15,99.79785554
2015,2,Feb-15,99.80677612
2015,3,Mar-15,100.1170934
2015,4,Apr-15,100.0363749
2015,5,May-15,100.4068484
2015,6,Jun-15,100.0614504
2015,7,Jul-15,100.996481
2015,8,Aug-15,100.5042694
2015,9,Sep-15,100.4605205
2015,10,Oct-15,100.0232112
2015,11,Nov-15,99.96774522
2015,12,Dec-15,100.1301473
2016,1,Jan-16,100.3794805
2016,2,Feb-16,100.6097152
2016,3,Mar-16,99.90582073
2016,4,Apr-16,100.2062821
2016,5,May-16,100.424888
2016,6,Jun-16,100.178712
2016,7,Jul-16,100.035594
2016,8,Aug-16,100.2627577
2016,9,Sep-16,100.2051172
2016,10,Oct-16,100.2936475
2016,11,Nov-16,99.89615231
2016,12,Dec-16,100.708578
